Create API,Edoo,2,Create an API using express,30/04/2020,
Create Button,Edoo,22,Update the label for a button in front-end,29/04/2020,
Create API,Edoo,45,something,31/05/2020,
Create Button,Edoo,5,Something,28/04/2020,
Create API,Edoo,48,Something,30/04/2020,
Create Button,Edoo,9,Something,29/04/2020,
Create API,Edoo,33,Something,30/04/2020,
Create Button,Edoo,1,Something,28/04/2020,
Something,Edoo,23,Something,29/04/2020,
Create API,Edoo,40,Something,30/04/2020,
Create Button,Edoo,11,Something,22/04/2020,
Something,Edoo,35,Something,29/04/2020,
Create API,Edoo,8,Something,29/04/2020,
Create API,Edoo,11,Something,30/04/2020,
Create API,Edoo,19,Something,30/04/2020,
Create Button,Edoo,1,asgas,30/04/2020,
Create API,Edoo,17,SOmething,30/04/2020,
Create API,Edoo,2,Something,29/04/2020,
Create API,Edoo,4,213,22/04/2020,
Create API,Edoo,18,Something,29/04/2020,
Create API,Edoo,14,Something,30/04/2020,
Create API,Edoo,25,Solis,30/04/2020,
